ID	URL
1	https://www.campingtrailersforsale.com.au/listings/
2	https://www.campingtrailersforsale.com.au/listings/adventure-kings/
3	https://www.campingtrailersforsale.com.au/listings/adventure-kings/off-road-camper-mt1/
4	https://www.campingtrailersforsale.com.au/listings/austrack/
5	https://www.campingtrailersforsale.com.au/listings/austrack/simpson-x/
6	https://www.campingtrailersforsale.com.au/listings/austrack/talawana-x15/
7	https://www.campingtrailersforsale.com.au/listings/austrack/tanami-11/
8	https://www.campingtrailersforsale.com.au/listings/austrack/tanami-x15b/
9	https://www.campingtrailersforsale.com.au/listings/austrack/tanami-x15l/
10	https://www.campingtrailersforsale.com.au/listings/austrack/telegraph-x/
11	https://www.campingtrailersforsale.com.au/listings/austrack/x7/
12	https://www.campingtrailersforsale.com.au/listings/australian-capital-territory-state/
13	https://www.campingtrailersforsale.com.au/listings/australian-capital-territory-state/austrack/
14	https://www.campingtrailersforsale.com.au/listings/australian-capital-territory-state/australian-capital-territory-region/
15	https://www.campingtrailersforsale.com.au/listings/australian-capital-territory-state/australian-capital-territory-region/austrack/
16	https://www.campingtrailersforsale.com.au/listings/avan/
17	https://www.campingtrailersforsale.com.au/listings/avan/aliner-1d-adventure-plus/
18	https://www.campingtrailersforsale.com.au/listings/avan/aliner/
19	https://www.campingtrailersforsale.com.au/listings/avan/cruiseliner-1d/
20	https://www.campingtrailersforsale.com.au/listings/avan/cruiseliner-5/
21	https://www.campingtrailersforsale.com.au/listings/avan/cruiseliner-adventure/
22	https://www.campingtrailersforsale.com.au/listings/avan/cruiseliner/
23	https://www.campingtrailersforsale.com.au/listings/between-1000-kg-1250-kg-atm/
24	https://www.campingtrailersforsale.com.au/listings/between-12-13-length-in-feet/
25	https://www.campingtrailersforsale.com.au/listings/between-1250-kg-1500-kg-atm/
26	https://www.campingtrailersforsale.com.au/listings/between-125000-150000/
27	https://www.campingtrailersforsale.com.au/listings/between-13-14-length-in-feet/
28	https://www.campingtrailersforsale.com.au/listings/between-14-15-length-in-feet/
29	https://www.campingtrailersforsale.com.au/listings/between-15-16-length-in-feet/
30	https://www.campingtrailersforsale.com.au/listings/between-1500-kg-1750-kg-atm/
31	https://www.campingtrailersforsale.com.au/listings/between-150000-175000/
32	https://www.campingtrailersforsale.com.au/listings/between-16-17-length-in-feet/
33	https://www.campingtrailersforsale.com.au/listings/between-17-18-length-in-feet/
34	https://www.campingtrailersforsale.com.au/listings/between-1750-kg-2000-kg-atm/
35	https://www.campingtrailersforsale.com.au/listings/between-18-19-length-in-feet/
36	https://www.campingtrailersforsale.com.au/listings/between-19-20-length-in-feet/
37	https://www.campingtrailersforsale.com.au/listings/between-20-21-length-in-feet/
38	https://www.campingtrailersforsale.com.au/listings/between-2000-kg-2250-kg-atm/
39	https://www.campingtrailersforsale.com.au/listings/between-20000-30000/
40	https://www.campingtrailersforsale.com.au/listings/between-21-22-length-in-feet/
41	https://www.campingtrailersforsale.com.au/listings/between-2250-kg-2500-kg-atm/
42	https://www.campingtrailersforsale.com.au/listings/between-2500-kg-2750-kg-atm/
43	https://www.campingtrailersforsale.com.au/listings/between-2750-kg-3000-kg-atm/
44	https://www.campingtrailersforsale.com.au/listings/between-30000-40000/
45	https://www.campingtrailersforsale.com.au/listings/between-40000-50000/
46	https://www.campingtrailersforsale.com.au/listings/between-50000-60000/
47	https://www.campingtrailersforsale.com.au/listings/between-60000-70000/
48	https://www.campingtrailersforsale.com.au/listings/between-70000-80000/
49	https://www.campingtrailersforsale.com.au/listings/between-80000-90000/
50	https://www.campingtrailersforsale.com.au/listings/between-90000-100000/
51	https://www.campingtrailersforsale.com.au/listings/black-series/
52	https://www.campingtrailersforsale.com.au/listings/black-series/classic-double/
53	https://www.campingtrailersforsale.com.au/listings/black-series/dominator-v4-high-side/
54	https://www.campingtrailersforsale.com.au/listings/camper-trailer-category/
55	https://www.campingtrailersforsale.com.au/listings/camper-trailer-category/australian-capital-territory-state/
56	https://www.campingtrailersforsale.com.au/listings/camper-trailer-category/australian-capital-territory-state/australian-capital-territory-region/
57	https://www.campingtrailersforsale.com.au/listings/camper-trailer-category/new-south-wales-state/
58	https://www.campingtrailersforsale.com.au/listings/camper-trailer-category/new-south-wales-state/coffs-harbour-region/
59	https://www.campingtrailersforsale.com.au/listings/camper-trailer-category/new-south-wales-state/mid-north-coast-region/
60	https://www.campingtrailersforsale.com.au/listings/camper-trailer-category/new-south-wales-state/richmond-tweed-region/
61	https://www.campingtrailersforsale.com.au/listings/camper-trailer-category/new-south-wales-state/southern-highlands-region/
62	https://www.campingtrailersforsale.com.au/listings/camper-trailer-category/new-south-wales-state/sydney-region/
63	https://www.campingtrailersforsale.com.au/listings/camper-trailer-category/queensland-state/
64	https://www.campingtrailersforsale.com.au/listings/camper-trailer-category/queensland-state/ipswich-region/
65	https://www.campingtrailersforsale.com.au/listings/camper-trailer-category/queensland-state/logan-beaudesert-region/
66	https://www.campingtrailersforsale.com.au/listings/camper-trailer-category/queensland-state/moreton-bay-north-region/
67	https://www.campingtrailersforsale.com.au/listings/camper-trailer-category/queensland-state/wide-bay-region/
68	https://www.campingtrailersforsale.com.au/listings/camper-trailer-category/south-australia-state/
69	https://www.campingtrailersforsale.com.au/listings/camper-trailer-category/south-australia-state/adelaide-region/
70	https://www.campingtrailersforsale.com.au/listings/camper-trailer-category/victoria-state/
71	https://www.campingtrailersforsale.com.au/listings/camper-trailer-category/victoria-state/melbourne-region/
72	https://www.campingtrailersforsale.com.au/listings/camper-trailer-category/western-australia-state/
73	https://www.campingtrailersforsale.com.au/listings/camper-trailer-category/western-australia-state/perth-region/
74	https://www.campingtrailersforsale.com.au/listings/coromal/
75	https://www.campingtrailersforsale.com.au/listings/coromal/silhouette-391/
76	https://www.campingtrailersforsale.com.au/listings/cub/
77	https://www.campingtrailersforsale.com.au/listings/cub/drifter/
78	https://www.campingtrailersforsale.com.au/listings/cub/escape/
79	https://www.campingtrailersforsale.com.au/listings/cub/explorer-18/
80	https://www.campingtrailersforsale.com.au/listings/cub/explorer/
81	https://www.campingtrailersforsale.com.au/listings/cub/frontier/
82	https://www.campingtrailersforsale.com.au/listings/cub/weekender/
83	https://www.campingtrailersforsale.com.au/listings/eagle/
84	https://www.campingtrailersforsale.com.au/listings/eagle/cherokee/
85	https://www.campingtrailersforsale.com.au/listings/ezytrail/
86	https://www.campingtrailersforsale.com.au/listings/ezytrail/sterling-mk3/
87	https://www.campingtrailersforsale.com.au/listings/goldstream/
88	https://www.campingtrailersforsale.com.au/listings/goldstream/crown-st/
89	https://www.campingtrailersforsale.com.au/listings/goldstream/crown/
90	https://www.campingtrailersforsale.com.au/listings/goldstream/wing-3-st-premium/
91	https://www.campingtrailersforsale.com.au/listings/golf/
92	https://www.campingtrailersforsale.com.au/listings/golf/bush-challenger/
93	https://www.campingtrailersforsale.com.au/listings/guardian/
94	https://www.campingtrailersforsale.com.au/listings/guardian/suv-gt-mega-slide/
95	https://www.campingtrailersforsale.com.au/listings/hybrid-category/
96	https://www.campingtrailersforsale.com.au/listings/hybrid-category/australian-capital-territory-state/
97	https://www.campingtrailersforsale.com.au/listings/hybrid-category/australian-capital-territory-state/australian-capital-territory-region/
98	https://www.campingtrailersforsale.com.au/listings/hybrid-category/new-south-wales-state/
99	https://www.campingtrailersforsale.com.au/listings/hybrid-category/new-south-wales-state/coffs-harbour-region/
100	https://www.campingtrailersforsale.com.au/listings/hybrid-category/victoria-state/
101	https://www.campingtrailersforsale.com.au/listings/hybrid-category/victoria-state/melbourne-region/
102	https://www.campingtrailersforsale.com.au/listings/j/
103	https://www.campingtrailersforsale.com.au/listings/j/jag-teardrop/
104	https://www.campingtrailersforsale.com.au/listings/jayco/
105	https://www.campingtrailersforsale.com.au/listings/jayco/eagle/
106	https://www.campingtrailersforsale.com.au/listings/jayco/hawk-01a/
107	https://www.campingtrailersforsale.com.au/listings/jayco/hawk/
108	https://www.campingtrailersforsale.com.au/listings/jayco/heritage/
109	https://www.campingtrailersforsale.com.au/listings/jayco/lark-bp-cp-my23-bushpack/
110	https://www.campingtrailersforsale.com.au/listings/jayco/lark/
111	https://www.campingtrailersforsale.com.au/listings/jayco/penguin-ob-cp-my26/
112	https://www.campingtrailersforsale.com.au/listings/jayco/penguin-outback/
113	https://www.campingtrailersforsale.com.au/listings/jayco/penguin/
114	https://www.campingtrailersforsale.com.au/listings/jayco/swift-outback/
115	https://www.campingtrailersforsale.com.au/listings/jayco/swift/
116	https://www.campingtrailersforsale.com.au/listings/lifestyle/
117	https://www.campingtrailersforsale.com.au/listings/lifestyle/iconn/
118	https://www.campingtrailersforsale.com.au/listings/mars/
119	https://www.campingtrailersforsale.com.au/listings/mars/spirit-ht/
120	https://www.campingtrailersforsale.com.au/listings/mdc/
121	https://www.campingtrailersforsale.com.au/listings/mdc/cruizer-highside/
122	https://www.campingtrailersforsale.com.au/listings/mdc/step-through/
123	https://www.campingtrailersforsale.com.au/listings/modcon/
124	https://www.campingtrailersforsale.com.au/listings/modcon/ff1/
125	https://www.campingtrailersforsale.com.au/listings/new-south-wales-state/
126	https://www.campingtrailersforsale.com.au/listings/new-south-wales-state/adventure-kings/
127	https://www.campingtrailersforsale.com.au/listings/new-south-wales-state/austrack/
128	https://www.campingtrailersforsale.com.au/listings/new-south-wales-state/avan/
129	https://www.campingtrailersforsale.com.au/listings/new-south-wales-state/black-series/
130	https://www.campingtrailersforsale.com.au/listings/new-south-wales-state/coffs-harbour-region/
131	https://www.campingtrailersforsale.com.au/listings/new-south-wales-state/coffs-harbour-region/austrack/
132	https://www.campingtrailersforsale.com.au/listings/new-south-wales-state/coffs-harbour-region/jayco/
133	https://www.campingtrailersforsale.com.au/listings/new-south-wales-state/coromal/
134	https://www.campingtrailersforsale.com.au/listings/new-south-wales-state/cub/
135	https://www.campingtrailersforsale.com.au/listings/new-south-wales-state/ezytrail/
136	https://www.campingtrailersforsale.com.au/listings/new-south-wales-state/golf/
137	https://www.campingtrailersforsale.com.au/listings/new-south-wales-state/guardian/
138	https://www.campingtrailersforsale.com.au/listings/new-south-wales-state/jayco/
139	https://www.campingtrailersforsale.com.au/listings/new-south-wales-state/mars/
140	https://www.campingtrailersforsale.com.au/listings/new-south-wales-state/mdc/
141	https://www.campingtrailersforsale.com.au/listings/new-south-wales-state/mid-north-coast-region/
142	https://www.campingtrailersforsale.com.au/listings/new-south-wales-state/mid-north-coast-region/avan/
143	https://www.campingtrailersforsale.com.au/listings/new-south-wales-state/mid-north-coast-region/black-series/
144	https://www.campingtrailersforsale.com.au/listings/new-south-wales-state/mid-north-coast-region/golf/
145	https://www.campingtrailersforsale.com.au/listings/new-south-wales-state/mid-north-coast-region/jayco/
146	https://www.campingtrailersforsale.com.au/listings/new-south-wales-state/mid-north-coast-region/mars/
147	https://www.campingtrailersforsale.com.au/listings/new-south-wales-state/modcon/
148	https://www.campingtrailersforsale.com.au/listings/new-south-wales-state/newcastle-region/
149	https://www.campingtrailersforsale.com.au/listings/new-south-wales-state/newcastle-region/mdc/
150	https://www.campingtrailersforsale.com.au/listings/new-south-wales-state/richmond-tweed-region/
151	https://www.campingtrailersforsale.com.au/listings/new-south-wales-state/richmond-tweed-region/austrack/
152	https://www.campingtrailersforsale.com.au/listings/new-south-wales-state/richmond-tweed-region/guardian/
153	https://www.campingtrailersforsale.com.au/listings/new-south-wales-state/richmond-tweed-region/jayco/
154	https://www.campingtrailersforsale.com.au/listings/new-south-wales-state/richmond-tweed-region/mdc/
155	https://www.campingtrailersforsale.com.au/listings/new-south-wales-state/richmond-tweed-region/modcon/
156	https://www.campingtrailersforsale.com.au/listings/new-south-wales-state/richmond-tweed-region/stoney-creek/
157	https://www.campingtrailersforsale.com.au/listings/new-south-wales-state/richmond-tweed-region/swag/
158	https://www.campingtrailersforsale.com.au/listings/new-south-wales-state/riverina-region/
159	https://www.campingtrailersforsale.com.au/listings/new-south-wales-state/riverina-region/cub/
160	https://www.campingtrailersforsale.com.au/listings/new-south-wales-state/riverina-region/signature/
161	https://www.campingtrailersforsale.com.au/listings/new-south-wales-state/signature/
162	https://www.campingtrailersforsale.com.au/listings/new-south-wales-state/southern-highlands-region/
163	https://www.campingtrailersforsale.com.au/listings/new-south-wales-state/southern-highlands-region/black-series/
164	https://www.campingtrailersforsale.com.au/listings/new-south-wales-state/stoney-creek/
165	https://www.campingtrailersforsale.com.au/listings/new-south-wales-state/swag/
166	https://www.campingtrailersforsale.com.au/listings/new-south-wales-state/sydney-region/
167	https://www.campingtrailersforsale.com.au/listings/new-south-wales-state/sydney-region/adventure-kings/
168	https://www.campingtrailersforsale.com.au/listings/new-south-wales-state/sydney-region/avan/
169	https://www.campingtrailersforsale.com.au/listings/new-south-wales-state/sydney-region/coromal/
170	https://www.campingtrailersforsale.com.au/listings/new-south-wales-state/sydney-region/ezytrail/
171	https://www.campingtrailersforsale.com.au/listings/new-south-wales-state/sydney-region/mdc/
172	https://www.campingtrailersforsale.com.au/listings/new-south-wales-state/sydney-region/signature/
173	https://www.campingtrailersforsale.com.au/listings/off-road-camper-category/
174	https://www.campingtrailersforsale.com.au/listings/off-road-camper-category/australian-capital-territory-state/
175	https://www.campingtrailersforsale.com.au/listings/off-road-camper-category/australian-capital-territory-state/australian-capital-territory-region/
176	https://www.campingtrailersforsale.com.au/listings/off-road-camper-category/new-south-wales-state/
177	https://www.campingtrailersforsale.com.au/listings/off-road-camper-category/new-south-wales-state/coffs-harbour-region/
178	https://www.campingtrailersforsale.com.au/listings/off-road-camper-category/new-south-wales-state/mid-north-coast-region/
179	https://www.campingtrailersforsale.com.au/listings/off-road-camper-category/new-south-wales-state/newcastle-region/
180	https://www.campingtrailersforsale.com.au/listings/off-road-camper-category/new-south-wales-state/richmond-tweed-region/
181	https://www.campingtrailersforsale.com.au/listings/off-road-camper-category/new-south-wales-state/riverina-region/
182	https://www.campingtrailersforsale.com.au/listings/off-road-camper-category/new-south-wales-state/sydney-region/
183	https://www.campingtrailersforsale.com.au/listings/off-road-camper-category/queensland-state/
184	https://www.campingtrailersforsale.com.au/listings/off-road-camper-category/queensland-state/moreton-bay-north-region/
185	https://www.campingtrailersforsale.com.au/listings/off-road-camper-category/south-australia-state/
186	https://www.campingtrailersforsale.com.au/listings/off-road-camper-category/south-australia-state/adelaide-region/
187	https://www.campingtrailersforsale.com.au/listings/off-road-camper-category/victoria-state/
188	https://www.campingtrailersforsale.com.au/listings/off-road-camper-category/victoria-state/hume-region/
189	https://www.campingtrailersforsale.com.au/listings/off-road-camper-category/victoria-state/melbourne-region/
190	https://www.campingtrailersforsale.com.au/listings/off-road-camper-category/western-australia-state/
191	https://www.campingtrailersforsale.com.au/listings/off-road-camper-category/western-australia-state/perth-region/
192	https://www.campingtrailersforsale.com.au/listings/over-1000-kg-atm/
193	https://www.campingtrailersforsale.com.au/listings/over-100000/
194	https://www.campingtrailersforsale.com.au/listings/over-12-length-in-feet/
195	https://www.campingtrailersforsale.com.au/listings/over-1250-kg-atm/
196	https://www.campingtrailersforsale.com.au/listings/over-125000/
197	https://www.campingtrailersforsale.com.au/listings/over-13-length-in-feet/
198	https://www.campingtrailersforsale.com.au/listings/over-14-length-in-feet/
199	https://www.campingtrailersforsale.com.au/listings/over-15-length-in-feet/
200	https://www.campingtrailersforsale.com.au/listings/over-1500-kg-atm/
201	https://www.campingtrailersforsale.com.au/listings/over-150000/
202	https://www.campingtrailersforsale.com.au/listings/over-16-length-in-feet/
203	https://www.campingtrailersforsale.com.au/listings/over-17-length-in-feet/
204	https://www.campingtrailersforsale.com.au/listings/over-1750-kg-atm/
205	https://www.campingtrailersforsale.com.au/listings/over-18-length-in-feet/
206	https://www.campingtrailersforsale.com.au/listings/over-19-length-in-feet/
207	https://www.campingtrailersforsale.com.au/listings/over-20-length-in-feet/
208	https://www.campingtrailersforsale.com.au/listings/over-2000-kg-atm/
209	https://www.campingtrailersforsale.com.au/listings/over-20000/
210	https://www.campingtrailersforsale.com.au/listings/over-21-length-in-feet/
211	https://www.campingtrailersforsale.com.au/listings/over-2250-kg-atm/
212	https://www.campingtrailersforsale.com.au/listings/over-2500-kg-atm/
213	https://www.campingtrailersforsale.com.au/listings/over-2750-kg-atm/
214	https://www.campingtrailersforsale.com.au/listings/over-30000/
215	https://www.campingtrailersforsale.com.au/listings/over-40000/
216	https://www.campingtrailersforsale.com.au/listings/over-50000/
217	https://www.campingtrailersforsale.com.au/listings/over-60000/
218	https://www.campingtrailersforsale.com.au/listings/over-70000/
219	https://www.campingtrailersforsale.com.au/listings/over-80000/
220	https://www.campingtrailersforsale.com.au/listings/over-90000/
221	https://www.campingtrailersforsale.com.au/listings/pioneer/
222	https://www.campingtrailersforsale.com.au/listings/pioneer/verve-family-bunk/
223	https://www.campingtrailersforsale.com.au/listings/queensland-state/
224	https://www.campingtrailersforsale.com.au/listings/queensland-state/avan/
225	https://www.campingtrailersforsale.com.au/listings/queensland-state/ipswich-region/
226	https://www.campingtrailersforsale.com.au/listings/queensland-state/ipswich-region/jayco/
227	https://www.campingtrailersforsale.com.au/listings/queensland-state/jayco/
228	https://www.campingtrailersforsale.com.au/listings/queensland-state/logan-beaudesert-region/
229	https://www.campingtrailersforsale.com.au/listings/queensland-state/logan-beaudesert-region/avan/
230	https://www.campingtrailersforsale.com.au/listings/queensland-state/logan-beaudesert-region/jayco/
231	https://www.campingtrailersforsale.com.au/listings/queensland-state/moreton-bay-north-region/
232	https://www.campingtrailersforsale.com.au/listings/queensland-state/moreton-bay-north-region/signature/
233	https://www.campingtrailersforsale.com.au/listings/queensland-state/moreton-bay-north-region/stoney-creek/
234	https://www.campingtrailersforsale.com.au/listings/queensland-state/signature/
235	https://www.campingtrailersforsale.com.au/listings/queensland-state/stoney-creek/
236	https://www.campingtrailersforsale.com.au/listings/queensland-state/wide-bay-region/
237	https://www.campingtrailersforsale.com.au/listings/queensland-state/wide-bay-region/avan/
238	https://www.campingtrailersforsale.com.au/listings/queensland-state/wide-bay-region/jayco/
239	https://www.campingtrailersforsale.com.au/listings/signature/
240	https://www.campingtrailersforsale.com.au/listings/signature/elite-x/
241	https://www.campingtrailersforsale.com.au/listings/signature/elite/
242	https://www.campingtrailersforsale.com.au/listings/signature/tf2-raptor/
243	https://www.campingtrailersforsale.com.au/listings/south-australia-state/
244	https://www.campingtrailersforsale.com.au/listings/south-australia-state/adelaide-region/
245	https://www.campingtrailersforsale.com.au/listings/south-australia-state/adelaide-region/cub/
246	https://www.campingtrailersforsale.com.au/listings/south-australia-state/adelaide-region/eagle/
247	https://www.campingtrailersforsale.com.au/listings/south-australia-state/adelaide-region/goldstream/
248	https://www.campingtrailersforsale.com.au/listings/south-australia-state/adelaide-region/jayco/
249	https://www.campingtrailersforsale.com.au/listings/south-australia-state/adelaide-region/track-trailer/
250	https://www.campingtrailersforsale.com.au/listings/south-australia-state/cub/
251	https://www.campingtrailersforsale.com.au/listings/south-australia-state/eagle/
252	https://www.campingtrailersforsale.com.au/listings/south-australia-state/goldstream/
253	https://www.campingtrailersforsale.com.au/listings/south-australia-state/jayco/
254	https://www.campingtrailersforsale.com.au/listings/south-australia-state/track-trailer/
255	https://www.campingtrailersforsale.com.au/listings/stoney-creek/
256	https://www.campingtrailersforsale.com.au/listings/stoney-creek/dual-track/
257	https://www.campingtrailersforsale.com.au/listings/stoney-creek/nugget-rt-gen-2/
258	https://www.campingtrailersforsale.com.au/listings/stoney-creek/nugget-sf/
259	https://www.campingtrailersforsale.com.au/listings/stoney-creek/sc-ff/
260	https://www.campingtrailersforsale.com.au/listings/stoney-creek/sc-ff6/
261	https://www.campingtrailersforsale.com.au/listings/stoney-creek/settler/
262	https://www.campingtrailersforsale.com.au/listings/stoney-creek/xl-ff/
263	https://www.campingtrailersforsale.com.au/listings/stoney-creek/xl-ff6-adventure-series/
264	https://www.campingtrailersforsale.com.au/listings/swag/
265	https://www.campingtrailersforsale.com.au/listings/swag/v2-kakadu/
266	https://www.campingtrailersforsale.com.au/listings/tent-trailer-category/
267	https://www.campingtrailersforsale.com.au/listings/tent-trailer-category/new-south-wales-state/
268	https://www.campingtrailersforsale.com.au/listings/tent-trailer-category/new-south-wales-state/mid-north-coast-region/
269	https://www.campingtrailersforsale.com.au/listings/tent-trailer-category/queensland-state/
270	https://www.campingtrailersforsale.com.au/listings/tent-trailer-category/queensland-state/ipswich-region/
271	https://www.campingtrailersforsale.com.au/listings/tent-trailer-category/queensland-state/moreton-bay-north-region/
272	https://www.campingtrailersforsale.com.au/listings/tent-trailer-category/south-australia-state/
273	https://www.campingtrailersforsale.com.au/listings/tent-trailer-category/south-australia-state/adelaide-region/
274	https://www.campingtrailersforsale.com.au/listings/track-trailer/
275	https://www.campingtrailersforsale.com.au/listings/track-trailer/4-series-2/
276	https://www.campingtrailersforsale.com.au/listings/track-trailer/firetail/
277	https://www.campingtrailersforsale.com.au/listings/track-trailer/lightning/
278	https://www.campingtrailersforsale.com.au/listings/track-trailer/murranji/
279	https://www.campingtrailersforsale.com.au/listings/track-trailer/tvan-inspire/
280	https://www.campingtrailersforsale.com.au/listings/track-trailer/tvan-mk5-inspire/
281	https://www.campingtrailersforsale.com.au/listings/track-trailer/tvan-mk5/
282	https://www.campingtrailersforsale.com.au/listings/track-trailer/tvan-tanami-mk4/
283	https://www.campingtrailersforsale.com.au/listings/track-trailer/tvan-tanami/
284	https://www.campingtrailersforsale.com.au/listings/track-trailer/tvan-zenith/
285	https://www.campingtrailersforsale.com.au/listings/track-trailer/tvan/
286	https://www.campingtrailersforsale.com.au/listings/trakmaster/
287	https://www.campingtrailersforsale.com.au/listings/trakmaster/explorer/
288	https://www.campingtrailersforsale.com.au/listings/under-1000-kg-atm/
289	https://www.campingtrailersforsale.com.au/listings/under-100000/
290	https://www.campingtrailersforsale.com.au/listings/under-12-length-in-feet/
291	https://www.campingtrailersforsale.com.au/listings/under-1250-kg-atm/
292	https://www.campingtrailersforsale.com.au/listings/under-125000/
293	https://www.campingtrailersforsale.com.au/listings/under-13-length-in-feet/
294	https://www.campingtrailersforsale.com.au/listings/under-14-length-in-feet/
295	https://www.campingtrailersforsale.com.au/listings/under-15-length-in-feet/
296	https://www.campingtrailersforsale.com.au/listings/under-1500-kg-atm/
297	https://www.campingtrailersforsale.com.au/listings/under-150000/
298	https://www.campingtrailersforsale.com.au/listings/under-16-length-in-feet/
299	https://www.campingtrailersforsale.com.au/listings/under-17-length-in-feet/
300	https://www.campingtrailersforsale.com.au/listings/under-1750-kg-atm/
301	https://www.campingtrailersforsale.com.au/listings/under-175000/
302	https://www.campingtrailersforsale.com.au/listings/under-18-length-in-feet/
303	https://www.campingtrailersforsale.com.au/listings/under-19-length-in-feet/
304	https://www.campingtrailersforsale.com.au/listings/under-20-length-in-feet/
305	https://www.campingtrailersforsale.com.au/listings/under-2000-kg-atm/
306	https://www.campingtrailersforsale.com.au/listings/under-20000/
307	https://www.campingtrailersforsale.com.au/listings/under-200000/
308	https://www.campingtrailersforsale.com.au/listings/under-21-length-in-feet/
309	https://www.campingtrailersforsale.com.au/listings/under-22-length-in-feet/
310	https://www.campingtrailersforsale.com.au/listings/under-2250-kg-atm/
311	https://www.campingtrailersforsale.com.au/listings/under-23-length-in-feet/
312	https://www.campingtrailersforsale.com.au/listings/under-24-length-in-feet/
313	https://www.campingtrailersforsale.com.au/listings/under-25-length-in-feet/
314	https://www.campingtrailersforsale.com.au/listings/under-2500-kg-atm/
315	https://www.campingtrailersforsale.com.au/listings/under-26-length-in-feet/
316	https://www.campingtrailersforsale.com.au/listings/under-27-length-in-feet/
317	https://www.campingtrailersforsale.com.au/listings/under-2750-kg-atm/
318	https://www.campingtrailersforsale.com.au/listings/under-28-length-in-feet/
319	https://www.campingtrailersforsale.com.au/listings/under-3000-kg-atm/
320	https://www.campingtrailersforsale.com.au/listings/under-30000/
321	https://www.campingtrailersforsale.com.au/listings/under-3500-kg-atm/
322	https://www.campingtrailersforsale.com.au/listings/under-40000/
323	https://www.campingtrailersforsale.com.au/listings/under-50000/
324	https://www.campingtrailersforsale.com.au/listings/under-60000/
325	https://www.campingtrailersforsale.com.au/listings/under-70000/
326	https://www.campingtrailersforsale.com.au/listings/under-80000/
327	https://www.campingtrailersforsale.com.au/listings/under-90000/
328	https://www.campingtrailersforsale.com.au/listings/victoria-state/
329	https://www.campingtrailersforsale.com.au/listings/victoria-state/austrack/
330	https://www.campingtrailersforsale.com.au/listings/victoria-state/hume-region/
331	https://www.campingtrailersforsale.com.au/listings/victoria-state/hume-region/lifestyle/
332	https://www.campingtrailersforsale.com.au/listings/victoria-state/lifestyle/
333	https://www.campingtrailersforsale.com.au/listings/victoria-state/melbourne-region/
334	https://www.campingtrailersforsale.com.au/listings/victoria-state/melbourne-region/austrack/
335	https://www.campingtrailersforsale.com.au/listings/victoria-state/melbourne-region/pioneer/
336	https://www.campingtrailersforsale.com.au/listings/victoria-state/melbourne-region/track-trailer/
337	https://www.campingtrailersforsale.com.au/listings/victoria-state/melbourne-region/trakmaster/
338	https://www.campingtrailersforsale.com.au/listings/victoria-state/pioneer/
339	https://www.campingtrailersforsale.com.au/listings/victoria-state/track-trailer/
340	https://www.campingtrailersforsale.com.au/listings/victoria-state/trakmaster/
341	https://www.campingtrailersforsale.com.au/listings/western-australia-state/
342	https://www.campingtrailersforsale.com.au/listings/western-australia-state/avan/
343	https://www.campingtrailersforsale.com.au/listings/western-australia-state/cub/
344	https://www.campingtrailersforsale.com.au/listings/western-australia-state/goldstream/
345	https://www.campingtrailersforsale.com.au/listings/western-australia-state/j/
346	https://www.campingtrailersforsale.com.au/listings/western-australia-state/perth-region/
347	https://www.campingtrailersforsale.com.au/listings/western-australia-state/perth-region/avan/
348	https://www.campingtrailersforsale.com.au/listings/western-australia-state/perth-region/cub/
349	https://www.campingtrailersforsale.com.au/listings/western-australia-state/perth-region/goldstream/
350	https://www.campingtrailersforsale.com.au/listings/western-australia-state/perth-region/j/
